PCA_1,PCA_2,PCA_3,PCA_4,PCA_5,PCA_6
1.592734046278993,0.19388023885762418,-0.26583425500310354,0.04320807218767961,-0.7748095351583473,-0.4547549646188066
1.2940821344568538,-0.6201830517718696,0.1870112182156437,0.46008959693792073,0.43159697344249787,0.9033026786658536
-0.8107934693166748,1.7006556037549272,0.4824869120407628,-0.301743846489843,-0.7114056749048862,0.43770769637351375
-1.1345814977415634,0.5654183294259274,-0.15366078023488958,-0.19549520181780594,-0.17619568580891437,-0.2578484230703398
0.5445721683111121,0.6216157163799227,0.2640441078280863,-0.1815194810995746,0.30077202898284494,-0.742629323833317
-1.1552362391336812,0.825358524292799,0.5124579599103537,0.5669079494227136,0.30271193807785823,0.8594383937216107
